FAM_ID	IND_ID	LIN_ID
ABO	ABO_1444	EUR
ABO	ABO_1445	EUR
ABO	ABO_1446	EUR
ABO	ABO_1447	EUR
ABO	ABO_1448	EUR
ABO	ABO_1449	EUR
ABO	ABO_1450	EUR
ABO	ABO_1451	EUR
ABO	ABO_1452	EUR
ABO	ABO_1454	EUR
ABO	ABO_1456	EUR
ABO	ABO_1457	EUR
ABO	ABO_1459	EUR
ABO	ABO_1462	EUR
ABO	ABO_1463	EUR
ABO	ABO_1465	EUR
ABO	ABO_1467	EUR
ABO	ABO_1469	EUR
ABO	ABO_1470	EUR
ABO	ABO_1483	EUR
ABO	ABO_1484	EUR
ABO	ABO_1491	EUR
ACE	ACE_616520730	IND
ACE	ACE_616520740	IND
ACE	ACE_616520750	IND
ACE	ACE_616520760	IND
ACE	ACE_616520780	IND
ACE	ACE_616520790	IND
ACE	ACE_616520800	IND
ACE	ACE_616520810	IND
ACE	ACE_616520820	IND
ACE	ACE_616520830	IND
ACE	ACE_616520840	IND
ACE	ACE_616520850	IND
ACH	ACH_513523940	IND
ACH	ACH_513523950	IND
ACH	ACH_513523960	IND
ACH	ACH_513523970	IND
ACH	ACH_513523980	IND
ACH	ACH_513523990	IND
ACH	ACH_513524000	IND
ACH	ACH_513751749	IND
ACH	ACH_513751759	IND
ACH	ACH_513751769	IND
ACH	ACH_513751779	IND
ACH	ACH_513751789	IND
ANG	ANG_000001	EUR
ANG	ANG_000002	EUR
ANG	ANG_000003	EUR
ANG	ANG_000004	EUR
ANG	ANG_000005	EUR
ANG	ANG_000006	EUR
ANG	ANG_000007	EUR
ANG	ANG_000008	EUR
ANG	ANG_000009	EUR
ANG	ANG_000010	EUR
ANG	ANG_000011	EUR
ANG	ANG_000012	EUR
ANG	ANG_000013	EUR
ANG	ANG_000014	EUR
ANG	ANG_000015	EUR
ANG	ANG_000016	EUR
ANG	ANG_000017	EUR
ANG	ANG_000018	EUR
ANG	ANG_000019	EUR
ANG	ANG_000020	EUR
ANG	ANG_000021	EUR
ANG	ANG_000022	EUR
ANG	ANG_000023	EUR
ANG	ANG_000024	EUR
ANG	ANG_000025	EUR
ANG	ANG_000026	EUR
ANG	ANG_000027	EUR
ANG	ANG_001400	EUR
ANG	ANG_001775	EUR
ANG	ANG_001776	EUR
ANG	ANG_001777	EUR
ANG	ANG_001778	EUR
ANG	ANG_001779	EUR
ANG	ANG_001780	EUR
ANG	ANG_001781	EUR
ANG	ANG_001782	EUR
ANG	ANG_001783	EUR
ANG	ANG_001784	EUR
ANG	ANG_001785	EUR
ANG	ANG_001786	EUR
ANG	ANG_001787	EUR
ANG	ANG_001788	EUR
ANG	ANG_001789	EUR
ANG	ANG_001790	EUR
ANG	ANG_001791	EUR
ANG	ANG_001792	EUR
ANG	ANG_001793	EUR
ANG	ANG_001794	EUR
ANG	ANG_001795	EUR
ANG	ANG_001796	EUR
ANG	ANG_001797	EUR
ANG	ANG_001798	EUR
ANG	ANG_001799	EUR
ANG	ANG_001800	EUR
ANG	ANG_001801	EUR
ANG	ANG_001802	EUR
ANG	ANG_001803	EUR
ANG	ANG_001804	EUR
ANG	ANG_001805	EUR
ANG	ANG_001806	EUR
ANG	ANG_001807	EUR
ANG	ANG_001808	EUR
AUB	AUB_9062	EUR
AUB	AUB_9063	EUR
AUB	AUB_9064	EUR
AUB	AUB_9066	EUR
AUB	AUB_9067	EUR
AUB	AUB_9068	EUR
AUB	AUB_9069	EUR
AUB	AUB_9070	EUR
AUB	AUB_9072	EUR
AUB	AUB_9073	EUR
AUB	AUB_9074	EUR
AUB	AUB_9075	EUR
AUB	AUB_9076	EUR
AUB	AUB_9079	EUR
AUB	AUB_9081	EUR
AUB	AUB_9208	EUR
AUB	AUB_9211	EUR
AUB	AUB_9212	EUR
AUB	AUB_9213	EUR
AUB	AUB_9215	EUR
AUB	AUB_9230	EUR
AUB	AUB_9235	EUR
BAD	BAD_BD1	IND
BAD	BAD_BD2	IND
BAD	BAD_BD5	IND
BAD	BAD_BD6	IND
BAD	BAD_BD7	IND
BAD	BAD_BD8	IND
BAD	BAD_BD9	IND
BAD	BAD_BD10	IND
BAD	BAD_BD11	IND
BAD	BAD_BD12	IND
BAD	BAD_BD13	IND
BAD	BAD_BD14	IND
BAD	BAD_BD15	IND
BAD	BAD_BD16	IND
BAD	BAD_BD17	IND
BAD	BAD_BD21	IND
BAL	BAL_1	ADM
BAL	BAL_2	ADM
BAL	BAL_3	ADM
BAL	BAL_4	ADM
BAL	BAL_5	ADM
BAL	BAL_6	ADM
BAL	BAL_7	ADM
BAL	BAL_8	ADM
BAL	BAL_11	ADM
BAL	BAL_13	ADM
BAL	BAL_15	ADM
BAL	BAL_16	ADM
BAL	BAL_18	ADM
BAL	BAL_19	ADM
BAL	BAL_22	ADM
BAL	BAL_23	ADM
BAL	BAL_24	ADM
BAL	BAL_25	ADM
BAL	BAL_26	ADM
BAL	BAL_27	ADM
BAL	BAL_28	ADM
BAL	BAL_29	ADM
BAL	BAL_34	ADM
BAL	BAL_49	ADM
BAL	BAL_50	ADM
BAL	BAL_51	ADM
BAL	BAL_52	ADM
BAL	BAL_54	ADM
BAL	BAL_55	ADM
BAL	BAL_57	ADM
BAO	BAO_224	AFR
BAO	BAO_225	AFR
BAO	BAO_226	AFR
BAO	BAO_228	AFR
BAO	BAO_231	AFR
BAO	BAO_232	AFR
BAO	BAO_235	AFR
BAO	BAO_236	AFR
BAO	BAO_238	AFR
BAO	BAO_240	AFR
BAO	BAO_243	AFR
BAO	BAO_245	AFR
BAO	BAO_246	AFR
BAO	BAO_249	AFR
BAO	BAO_250	AFR
BAO	BAO_260	AFR
BAO	BAO_261	AFR
BAO	BAO_262	AFR
BAO	BAO_266	AFR
BAO	BAO_267	AFR
BAO	BAO_268	AFR
BAO	BAO_272	AFR
BAO	BAO_273	AFR
BAO	BAO_274	AFR
BAO	BAO_275	AFR
BAO	BAO_276	AFR
BAO	BAO_278	AFR
BAO	BAO_288	AFR
BIS	BIS_104	ADM
BIS	BIS_105	ADM
BIS	BIS_106	ADM
BIS	BIS_107	ADM
BIS	BIS_108	ADM
BIS	BIS_109	ADM
BIS	BIS_111	ADM
BIS	BIS_112	ADM
BIS	BIS_113	ADM
BIS	BIS_114	ADM
BIS	BIS_115	ADM
BIS	BIS_116	ADM
BIS	BIS_117	ADM
BIS	BIS_118	ADM
BIS	BIS_120	ADM
BIS	BIS_121	ADM
BIS	BIS_122	ADM
BIS	BIS_123	ADM
BIS	BIS_124	ADM
BIS	BIS_125	ADM
BIS	BIS_126	ADM
BIS	BIS_127	ADM
BIS	BIS_128	ADM
BIS	BIS_129	ADM
BIS	BIS_130	ADM
BIS	BIS_131	ADM
BIS	BIS_134	ADM
BIS	BIS_135	ADM
BIS	BIS_138	ADM
BIS	BIS_140	ADM
BMA	BMA_000001	ADM
BMA	BMA_000002	ADM
BMA	BMA_000003	ADM
BMA	BMA_000004	ADM
BMA	BMA_000005	ADM
BMA	BMA_000006	ADM
BMA	BMA_000007	ADM
BMA	BMA_000008	ADM
BMA	BMA_000009	ADM
BMA	BMA_000010	ADM
BMA	BMA_000011	ADM
BMA	BMA_000012	ADM
BMA	BMA_000013	ADM
BMA	BMA_000014	ADM
BMA	BMA_000015	ADM
BMA	BMA_000016	ADM
BMA	BMA_000017	ADM
BMA	BMA_000018	ADM
BMA	BMA_000019	ADM
BMA	BMA_000020	ADM
BMA	BMA_000021	ADM
BMA	BMA_000022	ADM
BMA	BMA_000023	ADM
BMA	BMA_000024	ADM
BOR	BOR_9504	ADM
BOR	BOR_9505	ADM
BOR	BOR_9506	ADM
BOR	BOR_9508	ADM
BOR	BOR_9509	ADM
BOR	BOR_9510	ADM
BOR	BOR_9511	ADM
BOR	BOR_9512	ADM
BOR	BOR_9513	ADM
BOR	BOR_9514	ADM
BOR	BOR_9515	ADM
BOR	BOR_9516	ADM
BOR	BOR_9517	ADM
BOR	BOR_9518	ADM
BOR	BOR_9520	ADM
BOR	BOR_9522	ADM
BOR	BOR_9523	ADM
BOR	BOR_9524	ADM
BOR	BOR_9525	ADM
BOR	BOR_9526	ADM
BOR	BOR_9527	ADM
BOR	BOR_9528	ADM
BOR	BOR_9529	ADM
BOR	BOR_9530	ADM
BOR	BOR_9531	ADM
BOR	BOR_9532	ADM
BOR	BOR_9533	ADM
BOR	BOR_9534	ADM
BOR	BOR_9535	ADM
BOR	BOR_9536	ADM
BOR	BOR_9537	ADM
BOR	BOR_9538	ADM
BOR	BOR_9539	ADM
BOR	BOR_9540	ADM
BOR	BOR_9542	ADM
BOR	BOR_9543	ADM
BOR	BOR_9544	ADM
BOR	BOR_9545	ADM
BOR	BOR_9546	ADM
BOR	BOR_9547	ADM
BOR	BOR_9548	ADM
BOR	BOR_9549	ADM
BOR	BOR_9550	ADM
BOR	BOR_9551	ADM
BOR	BOR_9552	ADM
BRM	BRM_000001	IND
BRM	BRM_000002	IND
BRM	BRM_000003	IND
BRM	BRM_000004	IND
BRM	BRM_000005	IND
BRM	BRM_000006	IND
BRM	BRM_000007	IND
BRM	BRM_000008	IND
BRM	BRM_000014	IND
BRM	BRM_000017	IND
BRM	BRM_000020	IND
BRM	BRM_000021	IND
BRM	BRM_000022	IND
BRM	BRM_000025	IND
BRM	BRM_000026	IND
BRM	BRM_000027	IND
BRM	BRM_000028	IND
BRM	BRM_000029	IND
BRM	BRM_000030	IND
BRM	BRM_000031	IND
BRM	BRM_000032	IND
BRM	BRM_000033	IND
BRM	BRM_000034	IND
BRM	BRM_000035	IND
BRM	BRM_000038	IND
BRV	BRV_108693590	EUR
BRV	BRV_108693600	EUR
BRV	BRV_108693610	EUR
BRV	BRV_108693650	EUR
BRV	BRV_108693720	EUR
BRV	BRV_108693790	EUR
BRV	BRV_108693830	EUR
BRV	BRV_108693850	EUR
BRV	BRV_108693910	EUR
BRV	BRV_108693960	EUR
BRV	BRV_108694010	EUR
BRV	BRV_108694140	EUR
BRV	BRV_108694150	EUR
BRV	BRV_108694210	EUR
BRV	BRV_108694250	EUR
BRV	BRV_108694260	EUR
BRV	BRV_108694440	EUR
BRV	BRV_108694450	EUR
BRV	BRV_108694560	EUR
BRV	BRV_108695140	EUR
BSW	BSW_000001	EUR
BSW	BSW_000002	EUR
BSW	BSW_000003	EUR
BSW	BSW_000004	EUR
BSW	BSW_000005	EUR
BSW	BSW_000006	EUR
BSW	BSW_000007	EUR
BSW	BSW_000009	EUR
BSW	BSW_000010	EUR
BSW	BSW_000011	EUR
BSW	BSW_000012	EUR
BSW	BSW_000013	EUR
BSW	BSW_000014	EUR
BSW	BSW_000015	EUR
BSW	BSW_000016	EUR
BSW	BSW_000017	EUR
BSW	BSW_000018	EUR
BSW	BSW_000019	EUR
BSW	BSW_000020	EUR
BSW	BSW_000021	EUR
BSW	BSW_000022	EUR
BSW	BSW_000023	EUR
BSW	BSW_000024	EUR
BSW	BSW_000025	EUR
BUS	BUS_34	EUR
BUS	BUS_35	EUR
BUS	BUS_36	EUR
BUS	BUS_37	EUR
BUS	BUS_38	EUR
BUS	BUS_39	EUR
BUS	BUS_40	EUR
BUS	BUS_41	EUR
BUS	BUS_42	EUR
BUS	BUS_43	EUR
BUS	BUS_44	EUR
BUS	BUS_45	EUR
BUS	BUS_46	EUR
BUS	BUS_47	EUR
BUS	BUS_48	EUR
BUS	BUS_49	EUR
BUS	BUS_50	EUR
BUS	BUS_51	EUR
BUS	BUS_52	EUR
BUS	BUS_53	EUR
BUS	BUS_54	EUR
BUS	BUS_55	EUR
BUS	BUS_56	EUR
BUS	BUS_57	EUR
BUS	BUS_58	EUR
BUS	BUS_59	EUR
BUS	BUS_60	EUR
BUS	BUS_61	EUR
BUS	BUS_62	EUR
BUS	BUS_63	EUR
BUS	BUS_64	EUR
BUS	BUS_127	EUR
BUS	BUS_128	EUR
BUS	BUS_129	EUR
BUS	BUS_130	EUR
CHA	CHA_2138	EUR
CHA	CHA_2139	EUR
CHA	CHA_2140	EUR
CHA	CHA_2141	EUR
CHA	CHA_2142	EUR
CHA	CHA_3106	EUR
CHA	CHA_3111	EUR
CHA	CHA_3113	EUR
CHA	CHA_3114	EUR
CHA	CHA_3116	EUR
CHA	CHA_3117	EUR
CHA	CHA_3118	EUR
CHA	CHA_3119	EUR
CHA	CHA_3121	EUR
CHA	CHA_3122	EUR
CHA	CHA_3123	EUR
CHA	CHA_3125	EUR
CHA	CHA_3128	EUR
CHA	CHA_3129	EUR
CHA	CHA_3130	EUR
CHE	CHE_001	ADM
CHE	CHE_003	ADM
CHE	CHE_005	ADM
CHE	CHE_008	ADM
CHE	CHE_009	ADM
CHE	CHE_011	ADM
CHE	CHE_016	ADM
CHE	CHE_021	ADM
CHE	CHE_025	ADM
CHE	CHE_028	ADM
CHE	CHE_031	ADM
CHE	CHE_033	ADM
CHE	CHE_034	ADM
CHE	CHE_036	ADM
CHE	CHE_038	ADM
CHE	CHE_040	ADM
CHE	CHE_041	ADM
CHE	CHE_042	ADM
CHE	CHE_043	ADM
CHE	CHE_044	ADM
CHE	CHE_045	ADM
CHE	CHE_046	ADM
CHE	CHE_047	ADM
CHE	CHE_048	ADM
CHE	CHE_051	ADM
CHE	CHE_053	ADM
CHE	CHE_054	ADM
CHE	CHE_058	ADM
CHE	CHE_059	ADM
CHE	CHE_060	ADM
CHE	CHE_061	ADM
CHF	CHF_063	ADM
CHF	CHF_064	ADM
CHF	CHF_065	ADM
CHF	CHF_066	ADM
CHF	CHF_067	ADM
CHF	CHF_068	ADM
CHF	CHF_070	ADM
CHF	CHF_072	ADM
CHF	CHF_073	ADM
CHF	CHF_075	ADM
CHF	CHF_076	ADM
CHF	CHF_077	ADM
CHF	CHF_078	ADM
CHF	CHF_079	ADM
CHF	CHF_080	ADM
CHF	CHF_081	ADM
CHF	CHF_082	ADM
CHF	CHF_083	ADM
CHF	CHF_088	ADM
CHF	CHF_089	ADM
CHF	CHF_090	ADM
CHF	CHF_091	ADM
CHF	CHF_092	ADM
CHF	CHF_093	ADM
CHF	CHF_095	ADM
CHF	CHF_096	ADM
CHF	CHF_097	ADM
CHF	CHF_099	ADM
CHF	CHF_101	ADM
CHF	CHF_102	ADM
CHO	CHO_508523640	IND
CHO	CHO_508523650	IND
CHO	CHO_508523660	IND
CHO	CHO_508523670	IND
CHO	CHO_508523680	IND
CHO	CHO_508523690	IND
CHO	CHO_508751899	IND
CHO	CHO_508751909	IND
CHO	CHO_508751919	IND
CHO	CHO_508751929	IND
CHO	CHO_508751939	IND
DAJ	DAJ_622751949	IND
DAJ	DAJ_622751959	IND
DAJ	DAJ_622751969	IND
DAJ	DAJ_622751979	IND
DAJ	DAJ_622751989	IND
DAJ	DAJ_622751999	IND
DAJ	DAJ_622752009	IND
DAJ	DAJ_622752019	IND
DAJ	DAJ_622752029	IND
DAJ	DAJ_622752039	IND
DEH	DEH_DH1	IND
DEH	DEH_DH2	IND
DEH	DEH_DH3	IND
DEH	DEH_DH4	IND
DEH	DEH_DH5	IND
DEH	DEH_DH6	IND
DEH	DEH_DH7	IND
DEH	DEH_DH8	IND
DEH	DEH_DH9	IND
DEH	DEH_DH10	IND
DEH	DEH_DH11	IND
DEH	DEH_DH12	IND
DEH	DEH_DH13	IND
DEH	DEH_DH14	IND
DEH	DEH_DH15	IND
DEH	DEH_DH16	IND
DHA	DHA_509523700	IND
DHA	DHA_509523710	IND
DHA	DHA_509523720	IND
DHA	DHA_509523730	IND
DHA	DHA_509523740	IND
DHA	DHA_509523750	IND
DHA	DHA_509523760	IND
DHA	DHA_509752049	IND
DHA	DHA_509752059	IND
DHA	DHA_509752069	IND
DHA	DHA_509752079	IND
DHA	DHA_509752089	IND
EFC	EFC_1	EUR
EFC	EFC_2	EUR
EFC	EFC_3	EUR
EFC	EFC_4	EUR
EFC	EFC_6	EUR
EFC	EFC_7	EUR
EFC	EFC_8	EUR
EFC	EFC_11	EUR
EFC	EFC_15	EUR
EFC	EFC_21	EUR
EFC	EFC_139	EUR
EFC	EFC_143	EUR
EFC	EFC_148	EUR
EFC	EFC_149	EUR
EFC	EFC_157	EUR
EFC	EFC_159	EUR
EFC	EFC_160	EUR
EFC	EFC_161	EUR
EFC	EFC_162	EUR
EFC	EFC_165	EUR
EFC	EFC_166	EUR
EFC	EFC_167	EUR
EFC	EFC_168	EUR
EFC	EFC_169	EUR
EFC	EFC_174	EUR
EFC	EFC_182	EUR
EFC	EFC_183	EUR
EFC	EFC_184	EUR
EFC	EFC_185	EUR
EFC	EFC_186	EUR
EFC	EFC_187	EUR
EFC	EFC_189	EUR
EFC	EFC_198	EUR
EFC	EFC_203	EUR
EFC	EFC_204	EUR
EFC	EFC_205	EUR
EFC	EFC_206	EUR
EFC	EFC_213	EUR
EFC	EFC_217	EUR
EFC	EFC_218	EUR
FAY	FAY_26	EUR
FAY	FAY_27	EUR
FAY	FAY_28	EUR
FAY	FAY_29	EUR
FAY	FAY_30	EUR
FAY	FAY_31	EUR
FAY	FAY_32	EUR
FAY	FAY_33	EUR
FAY	FAY_134	EUR
FAY	FAY_142	EUR
FAY	FAY_146	EUR
FAY	FAY_163	EUR
FAY	FAY_164	EUR
FAY	FAY_176	EUR
FAY	FAY_177	EUR
FAY	FAY_179	EUR
FAY	FAY_180	EUR
FAY	FAY_191	EUR
FAY	FAY_192	EUR
FAY	FAY_193	EUR
FAY	FAY_194	EUR
FAY	FAY_196	EUR
FAY	FAY_197	EUR
FAY	FAY_199	EUR
FAY	FAY_214	EUR
FAY	FAY_215	EUR
FAY	FAY_216	EUR
FAY	FAY_225	EUR
GBI	GBI_623752099	IND
GBI	GBI_623752109	IND
GBI	GBI_623752119	IND
GBI	GBI_623752129	IND
GBI	GBI_623752139	IND
GBI	GBI_623752149	IND
GBI	GBI_623752159	IND
GBI	GBI_623752169	IND
GBI	GBI_623752179	IND
GBI	GBI_623752189	IND
GBV	GBV_112275540	EUR
GBV	GBV_112329320	EUR
GBV	GBV_112335309	EUR
GBV	GBV_112335319	EUR
GBV	GBV_112335329	EUR
GBV	GBV_112738359	EUR
GBV	GBV_112738389	EUR
GBV	GBV_112738399	EUR
GBV	GBV_112738409	EUR
GBV	GBV_112738429	EUR
GBV	GBV_112738469	EUR
GBV	GBV_112738499	EUR
GBV	GBV_112738509	EUR
GBV	GBV_112738579	EUR
GBV	GBV_112738679	EUR
GBV	GBV_112738769	EUR
GBV	GBV_112738839	EUR
GBV	GBV_112738939	EUR
GBV	GBV_112738999	EUR
GBV	GBV_112739019	EUR
GIR	GIR_000001	IND
GIR	GIR_000002	IND
GIR	GIR_000003	IND
GIR	GIR_000004	IND
GIR	GIR_000005	IND
GIR	GIR_000006	IND
GIR	GIR_000007	IND
GIR	GIR_000008	IND
GIR	GIR_000009	IND
GIR	GIR_000010	IND
GIR	GIR_000011	IND
GIR	GIR_000012	IND
GIR	GIR_000013	IND
GIR	GIR_000014	IND
GIR	GIR_000015	IND
GIR	GIR_000016	IND
GIR	GIR_000017	IND
GIR	GIR_000018	IND
GIR	GIR_000019	IND
GIR	GIR_000020	IND
GIR	GIR_000021	IND
GIR	GIR_000022	IND
GIR	GIR_000023	IND
GIR	GIR_000024	IND
GNS	GNS_000001	EUR
GNS	GNS_000002	EUR
GNS	GNS_000003	EUR
GNS	GNS_000004	EUR
GNS	GNS_000005	EUR
GNS	GNS_000006	EUR
GNS	GNS_000007	EUR
GNS	GNS_000008	EUR
GNS	GNS_000009	EUR
GNS	GNS_000010	EUR
GNS	GNS_000011	EUR
GNS	GNS_000012	EUR
GNS	GNS_000013	EUR
GNS	GNS_000014	EUR
GNS	GNS_000015	EUR
GNS	GNS_000016	EUR
GNS	GNS_000017	EUR
GNS	GNS_000018	EUR
GNS	GNS_000019	EUR
GNS	GNS_000020	EUR
GNS	GNS_000021	EUR
GRE	GRE_1	ADM
GRE	GRE_2	ADM
GRE	GRE_3	ADM
GRE	GRE_4	ADM
GRE	GRE_5	ADM
GRE	GRE_6	ADM
GRE	GRE_7	ADM
GRE	GRE_9	ADM
GRE	GRE_11	ADM
GRE	GRE_13	ADM
GRE	GRE_15	ADM
GRE	GRE_44	ADM
GRE	GRE_45	ADM
GRE	GRE_50	ADM
GRE	GRE_51	ADM
GRE	GRE_52	ADM
GRE	GRE_53	ADM
GRE	GRE_54	ADM
GRE	GRE_55	ADM
GUE	GUE_002	ADM
GUE	GUE_004	ADM
GUE	GUE_006	ADM
GUE	GUE_007	ADM
GUE	GUE_010	ADM
GUE	GUE_012	ADM
GUE	GUE_013	ADM
GUE	GUE_014	ADM
GUE	GUE_015	ADM
GUE	GUE_017	ADM
GUE	GUE_018	ADM
GUE	GUE_019	ADM
GUE	GUE_020	ADM
GUE	GUE_022	ADM
GUE	GUE_023	ADM
GUE	GUE_024	ADM
GUE	GUE_026	ADM
GUE	GUE_027	ADM
GUE	GUE_029	ADM
GUE	GUE_030	ADM
GUE	GUE_035	ADM
GUE	GUE_037	ADM
GUE	GUE_039	ADM
GUE	GUE_049	ADM
GUE	GUE_050	ADM
GUE	GUE_052	ADM
GUE	GUE_055	ADM
GUE	GUE_056	ADM
GUE	GUE_057	ADM
GUE	GUE_062	ADM
HAN	HAN_106206770	IND
HAN	HAN_106206830	IND
HAN	HAN_106206890	IND
HAN	HAN_106206950	IND
HAN	HAN_106207010	IND
HAN	HAN_106207070	IND
HAN	HAN_106207130	IND
HAN	HAN_106207190	IND
HAR	HAR_624752199	IND
HAR	HAR_624752209	IND
HAR	HAR_624752219	IND
HAR	HAR_624752229	IND
HAR	HAR_624752239	IND
HAR	HAR_624752249	IND
HAR	HAR_624752259	IND
HAR	HAR_624752269	IND
HAR	HAR_624752279	IND
HAR	HAR_624752289	IND
HFD	HFD_000001	EUR
HFD	HFD_000002	EUR
HFD	HFD_000003	EUR
HFD	HFD_000004	EUR
HFD	HFD_000005	EUR
HFD	HFD_000007	EUR
HFD	HFD_000008	EUR
HFD	HFD_000009	EUR
HFD	HFD_000010	EUR
HFD	HFD_000011	EUR
HFD	HFD_000012	EUR
HFD	HFD_000013	EUR
HFD	HFD_000014	EUR
HFD	HFD_000015	EUR
HFD	HFD_000016	EUR
HFD	HFD_000017	EUR
HFD	HFD_000018	EUR
HFD	HFD_000019	EUR
HFD	HFD_000020	EUR
HFD	HFD_000021	EUR
HFD	HFD_000022	EUR
HFD	HFD_000023	EUR
HFD	HFD_000024	EUR
HFD	HFD_000025	EUR
HFD	HFD_000026	EUR
HFD	HFD_000027	EUR
HFD	HFD_000028	EUR
HFD	HFD_000031	EUR
HFD	HFD_000032	EUR
HFD	HFD_000643	EUR
HFD	HFD_000955	EUR
HIS	HIS_625752299	IND
HIS	HIS_625752309	IND
HIS	HIS_625752319	IND
HIS	HIS_625752329	IND
HIS	HIS_625752339	IND
HIS	HIS_625752349	IND
HIS	HIS_625752359	IND
HIS	HIS_625752369	IND
HIS	HIS_625752379	IND
HIS	HIS_625752389	IND
HOL	HOL_N1	EUR
HOL	HOL_N2	EUR
HOL	HOL_N3	EUR
HOL	HOL_N4	EUR
HOL	HOL_N5	EUR
HOL	HOL_N6	EUR
HOL	HOL_N7	EUR
HOL	HOL_N8	EUR
HOL	HOL_N9	EUR
HOL	HOL_N10	EUR
HOL	HOL_N11	EUR
HOL	HOL_N12	EUR
HOL	HOL_N13	EUR
HOL	HOL_N14	EUR
HOL	HOL_N15	EUR
HOL	HOL_N16	EUR
HOL	HOL_N17	EUR
HOL	HOL_N18	EUR
HOL	HOL_N19	EUR
HOL	HOL_N20	EUR
HOL	HOL_N21	EUR
HOL	HOL_N22	EUR
HOL	HOL_N23	EUR
HOL	HOL_N24	EUR
HOL	HOL_N25	EUR
HOL	HOL_N26	EUR
HOL	HOL_N27	EUR
HOL	HOL_N28	EUR
HOL	HOL_N29	EUR
HOL	HOL_N30	EUR
JER	JER_000001	EUR
JER	JER_000002	EUR
JER	JER_000003	EUR
JER	JER_000004	EUR
JER	JER_000005	EUR
JER	JER_000006	EUR
JER	JER_000007	EUR
JER	JER_000008	EUR
JER	JER_000009	EUR
JER	JER_000010	EUR
JER	JER_000011	EUR
JER	JER_000012	EUR
JER	JER_000013	EUR
JER	JER_000014	EUR
JER	JER_000015	EUR
JER	JER_000016	EUR
JER	JER_000017	EUR
JER	JER_000018	EUR
JER	JER_000019	EUR
JER	JER_000020	EUR
JER	JER_000021	EUR
JER	JER_000022	EUR
JER	JER_000023	EUR
JER	JER_000024	EUR
JER	JER_000025	EUR
JER	JER_000026	EUR
JER	JER_000027	EUR
JER	JER_000028	EUR
KAN	KAN_626752399	IND
KAN	KAN_626752409	IND
KAN	KAN_626752419	IND
KAN	KAN_626752429	IND
KAN	KAN_626752439	IND
KAN	KAN_626752449	IND
KAN	KAN_626752459	IND
KAN	KAN_626752469	IND
KAN	KAN_626752479	IND
KAN	KAN_626752489	IND
KUR	KUR_5795	ADM
KUR	KUR_5796	ADM
KUR	KUR_5798	ADM
KUR	KUR_5801	ADM
KUR	KUR_5802	ADM
KUR	KUR_5803	ADM
KUR	KUR_5953	ADM
KUR	KUR_5954	ADM
KUR	KUR_5955	ADM
KUR	KUR_5956	ADM
KUR	KUR_5957	ADM
KUR	KUR_5958	ADM
KUR	KUR_5959	ADM
KUR	KUR_5960	ADM
KUR	KUR_5961	ADM
KUR	KUR_5962	ADM
KUR	KUR_5963	ADM
KUR	KUR_5964	ADM
KUR	KUR_5965	ADM
KUR	KUR_5966	ADM
KUR	KUR_5967	ADM
KUR	KUR_5968	ADM
KUR	KUR_5969	ADM
KUR	KUR_5970	ADM
KUR	KUR_5972	ADM
KUR	KUR_5973	ADM
KUR	KUR_5974	ADM
KUR	KUR_5975	ADM
KUR	KUR_5976	ADM
KUR	KUR_5977	ADM
LAG	LAG_9402	AFR
LAG	LAG_9403	AFR
LAG	LAG_9404	AFR
LAG	LAG_9405	AFR
LAG	LAG_9406	AFR
LAG	LAG_9407	AFR
LAG	LAG_9408	AFR
LAG	LAG_9409	AFR
LAG	LAG_9410	AFR
LAG	LAG_9411	AFR
LAG	LAG_9413	AFR
LAG	LAG_9414	AFR
LAG	LAG_9415	AFR
LAG	LAG_9416	AFR
LAG	LAG_9417	AFR
LAG	LAG_9418	AFR
LAG	LAG_9419	AFR
LAG	LAG_9420	AFR
LAG	LAG_9421	AFR
LAG	LAG_9422	AFR
LAG	LAG_9423	AFR
LAG	LAG_9424	AFR
LAG	LAG_9425	AFR
LAG	LAG_9426	AFR
LAG	LAG_9427	AFR
LAG	LAG_9428	AFR
LAG	LAG_9429	AFR
LAG	LAG_9430	AFR
LAG	LAG_9432	AFR
LAG	LAG_9433	AFR
LAG	LAG_9434	AFR
LAG	LAG_9435	AFR
LAG	LAG_9436	AFR
LAG	LAG_9437	AFR
LAG	LAG_9438	AFR
LAG	LAG_9439	AFR
LAG	LAG_9440	AFR
LAG	LAG_9441	AFR
LAG	LAG_9443	AFR
LAG	LAG_9444	AFR
LAG	LAG_9445	AFR
LAG	LAG_9446	AFR
LAG	LAG_9447	AFR
LAG	LAG_9448	AFR
LMS	LMS_000001	EUR
LMS	LMS_000002	EUR
LMS	LMS_000003	EUR
LMS	LMS_000004	EUR
LMS	LMS_000005	EUR
LMS	LMS_000006	EUR
LMS	LMS_000007	EUR
LMS	LMS_000008	EUR
LMS	LMS_000009	EUR
LMS	LMS_000010	EUR
LMS	LMS_000011	EUR
LMS	LMS_000012	EUR
LMS	LMS_000013	EUR
LMS	LMS_000014	EUR
LMS	LMS_000015	EUR
LMS	LMS_000016	EUR
LMS	LMS_000017	EUR
LMS	LMS_000018	EUR
LMS	LMS_000019	EUR
LMS	LMS_000020	EUR
LMS	LMS_000021	EUR
LMS	LMS_000022	EUR
LMS	LMS_000023	EUR
LMS	LMS_000024	EUR
LMS	LMS_000025	EUR
LMS	LMS_000026	EUR
LMS	LMS_000027	EUR
LMS	LMS_000028	EUR
LMS	LMS_000029	EUR
LMS	LMS_000030	EUR
LMS	LMS_000031	EUR
LMS	LMS_000032	EUR
LMS	LMS_000033	EUR
LMS	LMS_000034	EUR
LMS	LMS_000035	EUR
LMS	LMS_000036	EUR
LMS	LMS_000037	EUR
LMS	LMS_000038	EUR
LMS	LMS_000039	EUR
LMS	LMS_000040	EUR
LMS	LMS_000041	EUR
LMS	LMS_000042	EUR
LMS	LMS_000609	EUR
LMS	LMS_000610	EUR
MAL	MAL_609	EUR
MAL	MAL_610	EUR
MAL	MAL_611	EUR
MAL	MAL_612	EUR
MAL	MAL_613	EUR
MAL	MAL_614	EUR
MAL	MAL_615	EUR
MAL	MAL_616	EUR
MAL	MAL_617	EUR
MAL	MAL_618	EUR
MAL	MAL_619	EUR
MAL	MAL_620	EUR
MAL	MAL_621	EUR
MAL	MAL_622	EUR
MAL	MAL_623	EUR
MAL	MAL_624	EUR
MAL	MAL_625	EUR
MAL	MAL_626	EUR
MAL	MAL_627	EUR
MAL	MAL_628	EUR
MAL	MAL_629	EUR
MAL	MAL_630	EUR
MAL	MAL_631	EUR
MAL	MAL_632	EUR
MAL	MAL_633	EUR
MAL	MAL_634	EUR
MAL	MAL_635	EUR
MAL	MAL_636	EUR
MAL	MAL_643	EUR
MAL	MAL_644	EUR
MEN	MEN_501	EUR
MEN	MEN_502	EUR
MEN	MEN_503	EUR
MEN	MEN_504	EUR
MEN	MEN_505	EUR
MEN	MEN_506	EUR
MEN	MEN_507	EUR
MEN	MEN_508	EUR
MEN	MEN_509	EUR
MEN	MEN_510	EUR
MEN	MEN_511	EUR
MEN	MEN_512	EUR
MEN	MEN_564	EUR
MEN	MEN_565	EUR
MEN	MEN_566	EUR
MEN	MEN_567	EUR
MEN	MEN_568	EUR
MEN	MEN_569	EUR
MEN	MEN_570	EUR
MEN	MEN_571	EUR
MEN	MEN_572	EUR
MEN	MEN_573	EUR
MEN	MEN_574	EUR
MEN	MEN_575	EUR
MEN	MEN_576	EUR
MEN	MEN_577	EUR
MEN	MEN_604	EUR
MEN	MEN_605	EUR
MEN	MEN_606	EUR
MEN	MEN_607	EUR
MON	MON_N1	EUR
MON	MON_N2	EUR
MON	MON_N3	EUR
MON	MON_N4	EUR
MON	MON_N5	EUR
MON	MON_N6	EUR
MON	MON_N7	EUR
MON	MON_N8	EUR
MON	MON_N9	EUR
MON	MON_N10	EUR
MON	MON_N11	EUR
MON	MON_N12	EUR
MON	MON_N13	EUR
MON	MON_N14	EUR
MON	MON_N15	EUR
MON	MON_N16	EUR
MON	MON_N17	EUR
MON	MON_N18	EUR
MON	MON_N19	EUR
MON	MON_N20	EUR
MON	MON_N21	EUR
MON	MON_N22	EUR
MON	MON_N23	EUR
MON	MON_N24	EUR
MON	MON_N25	EUR
MON	MON_N26	EUR
MON	MON_N27	EUR
MON	MON_N28	EUR
MON	MON_N29	EUR
MON	MON_N30	EUR
NAV	NAV_7070	EUR
NAV	NAV_7071	EUR
NAV	NAV_7072	EUR
NAV	NAV_7073	EUR
NAV	NAV_7074	EUR
NAV	NAV_7075	EUR
NAV	NAV_7076	EUR
NAV	NAV_7077	EUR
NAV	NAV_7078	EUR
NAV	NAV_7079	EUR
NAV	NAV_7080	EUR
NAV	NAV_7081	EUR
NAV	NAV_7082	EUR
NAV	NAV_7083	EUR
NAV	NAV_7084	EUR
NAV	NAV_7085	EUR
NAV	NAV_7086	EUR
NAV	NAV_7087	EUR
NAV	NAV_7088	EUR
NAV	NAV_7089	EUR
NAV	NAV_7090	EUR
NAV	NAV_7091	EUR
NAV	NAV_7092	EUR
NAV	NAV_7093	EUR
NAV	NAV_7094	EUR
NAV	NAV_7095	EUR
NAV	NAV_7096	EUR
NAV	NAV_7097	EUR
NAV	NAV_7098	EUR
NAV	NAV_7099	EUR
ND1	ND1_202	AFR
ND1	ND1_205	AFR
ND1	ND1_211	AFR
ND1	ND1_233	AFR
ND1	ND1_241	AFR
ND1	ND1_242	AFR
ND1	ND1_244	AFR
ND1	ND1_248	AFR
ND1	ND1_253	AFR
ND1	ND1_255	AFR
ND1	ND1_257	AFR
ND1	ND1_258	AFR
ND1	ND1_284	AFR
ND1	ND1_292	AFR
ND2	ND2_206	AFR
ND2	ND2_207	AFR
ND2	ND2_208	AFR
ND2	ND2_209	AFR
ND2	ND2_210	AFR
ND2	ND2_212	AFR
ND2	ND2_213	AFR
ND2	ND2_214	AFR
ND2	ND2_215	AFR
ND2	ND2_216	AFR
ND2	ND2_217	AFR
ND2	ND2_218	AFR
ND2	ND2_219	AFR
ND2	ND2_220	AFR
ND2	ND2_221	AFR
ND2	ND2_222	AFR
ND2	ND2_223	AFR
NDA	NDA_000001	AFR
NDA	NDA_000004	AFR
NDA	NDA_000005	AFR
NDA	NDA_000006	AFR
NDA	NDA_000010	AFR
NDA	NDA_000011	AFR
NDA	NDA_000012	AFR
NDA	NDA_000013	AFR
NDA	NDA_000014	AFR
NDA	NDA_000015	AFR
NDA	NDA_000017	AFR
NDA	NDA_000019	AFR
NDA	NDA_000021	AFR
NDA	NDA_000022	AFR
NDA	NDA_000024	AFR
NDA	NDA_000025	AFR
NDA	NDA_000027	AFR
NDA	NDA_000029	AFR
NDA	NDA_000030	AFR
NDA	NDA_000033	AFR
NDA	NDA_000035	AFR
NDA	NDA_000036	AFR
NDA	NDA_000041	AFR
NDA	NDA_000043	AFR
NDA	NDA_000044	AFR
NEL	NEL_000001	IND
NEL	NEL_000002	IND
NEL	NEL_000003	IND
NEL	NEL_000004	IND
NEL	NEL_000005	IND
NEL	NEL_000006	IND
NEL	NEL_000007	IND
NEL	NEL_000008	IND
NEL	NEL_000009	IND
NEL	NEL_000010	IND
NEL	NEL_000011	IND
NEL	NEL_000012	IND
NEL	NEL_000013	IND
NEL	NEL_000014	IND
NEL	NEL_000015	IND
NEL	NEL_000016	IND
NEL	NEL_000017	IND
NEL	NEL_000018	IND
NEL	NEL_000019	IND
NEL	NEL_000020	IND
NEL	NEL_000021	IND
NEL	NEL_000022	IND
NEL	NEL_000023	IND
NEL	NEL_000024	IND
NFC	NFC_132	EUR
NFC	NFC_133	EUR
NFC	NFC_145	EUR
NFC	NFC_147	EUR
NFC	NFC_170	EUR
NFC	NFC_171	EUR
NFC	NFC_172	EUR
NFC	NFC_173	EUR
NFC	NFC_175	EUR
NFC	NFC_178	EUR
NFC	NFC_181	EUR
NFC	NFC_190	EUR
NFC	NFC_195	EUR
NFC	NFC_200	EUR
NFC	NFC_201	EUR
NFC	NFC_202	EUR
NFC	NFC_207	EUR
NFC	NFC_208	EUR
NFC	NFC_209	EUR
NFC	NFC_212	EUR
NFC	NFC_220	EUR
NFC	NFC_221	EUR
NFC	NFC_222	EUR
NFC	NFC_223	EUR
NFC	NFC_224	EUR
NRC	NRC_000001	EUR
NRC	NRC_000002	EUR
NRC	NRC_000003	EUR
NRC	NRC_000004	EUR
NRC	NRC_000005	EUR
NRC	NRC_000006	EUR
NRC	NRC_000007	EUR
NRC	NRC_000009	EUR
NRC	NRC_000010	EUR
NRC	NRC_000011	EUR
NRC	NRC_000012	EUR
NRC	NRC_000013	EUR
NRC	NRC_000014	EUR
NRC	NRC_000015	EUR
NRC	NRC_000016	EUR
NRC	NRC_000017	EUR
NRC	NRC_000019	EUR
NRC	NRC_000020	EUR
NRC	NRC_000021	EUR
NRC	NRC_000023	EUR
NRC	NRC_000025	EUR
ONG	ONG_614520210	IND
ONG	ONG_614520220	IND
ONG	ONG_614520240	IND
ONG	ONG_614520280	IND
ONG	ONG_614520290	IND
ONG	ONG_614520300	IND
ONG	ONG_614520310	IND
ONG	ONG_614520320	IND
ONG	ONG_614520330	IND
ONG	ONG_614520340	IND
ONG	ONG_614520350	IND
ONG	ONG_614520370	IND
ONG	ONG_614520380	IND
ONG	ONG_614520390	IND
ONG	ONG_614520560	IND
ONG	ONG_614520570	IND
ONG	ONG_614520580	IND
ONG	ONG_614520590	IND
ONG	ONG_614520600	IND
ONG	ONG_614520610	IND
OUL	OUL_9291	ADM
OUL	OUL_9292	ADM
OUL	OUL_9293	ADM
OUL	OUL_9294	ADM
OUL	OUL_9295	ADM
OUL	OUL_9296	ADM
OUL	OUL_9297	ADM
OUL	OUL_9298	ADM
OUL	OUL_9299	ADM
OUL	OUL_9300	ADM
OUL	OUL_9301	ADM
OUL	OUL_9302	ADM
OUL	OUL_9303	ADM
OUL	OUL_9304	ADM
OUL	OUL_9305	ADM
OUL	OUL_9306	ADM
OUL	OUL_9307	ADM
OUL	OUL_9308	ADM
OUL	OUL_9309	ADM
OUL	OUL_9310	ADM
OUL	OUL_9311	ADM
OUL	OUL_9312	ADM
OUL	OUL_9313	ADM
OUL	OUL_9314	ADM
OUL	OUL_9315	ADM
OUL	OUL_9316	ADM
OUL	OUL_9317	ADM
OUL	OUL_9318	ADM
OUL	OUL_9319	ADM
OUL	OUL_9320	ADM
OUL	OUL_9321	ADM
OUL	OUL_9322	ADM
OUL	OUL_9323	ADM
OUL	OUL_9325	ADM
OUL	OUL_9327	ADM
OUL	OUL_9328	ADM
OUL	OUL_9329	ADM
OUL	OUL_9330	ADM
OUL	OUL_9331	ADM
PMT	PMT_000001	EUR
PMT	PMT_000002	EUR
PMT	PMT_000003	EUR
PMT	PMT_000004	EUR
PMT	PMT_000005	EUR
PMT	PMT_000006	EUR
PMT	PMT_000007	EUR
PMT	PMT_000008	EUR
PMT	PMT_000009	EUR
PMT	PMT_000010	EUR
PMT	PMT_000011	EUR
PMT	PMT_000012	EUR
PMT	PMT_000013	EUR
PMT	PMT_000014	EUR
PMT	PMT_000015	EUR
PMT	PMT_000016	EUR
PMT	PMT_000017	EUR
PMT	PMT_000018	EUR
PMT	PMT_000019	EUR
PMT	PMT_000020	EUR
PMT	PMT_000021	EUR
PMT	PMT_000022	EUR
PMT	PMT_000023	EUR
PMT	PMT_000024	EUR
RMG	RMG_000001	EUR
RMG	RMG_000002	EUR
RMG	RMG_000003	EUR
RMG	RMG_000004	EUR
RMG	RMG_000005	EUR
RMG	RMG_000006	EUR
RMG	RMG_000007	EUR
RMG	RMG_000008	EUR
RMG	RMG_000009	EUR
RMG	RMG_000010	EUR
RMG	RMG_000011	EUR
RMG	RMG_000012	EUR
RMG	RMG_000013	EUR
RMG	RMG_000014	EUR
RMG	RMG_000015	EUR
RMG	RMG_000016	EUR
RMG	RMG_000017	EUR
RMG	RMG_000018	EUR
RMG	RMG_000019	EUR
RMG	RMG_000020	EUR
RMG	RMG_000021	EUR
RMG	RMG_000022	EUR
RMG	RMG_000023	EUR
RMG	RMG_000024	EUR
ROJ	ROJ_627752599	IND
ROJ	ROJ_627752609	IND
ROJ	ROJ_627752619	IND
ROJ	ROJ_627752629	IND
ROJ	ROJ_627752639	IND
ROJ	ROJ_627752649	IND
ROJ	ROJ_627752659	IND
ROJ	ROJ_627752669	IND
ROJ	ROJ_627752679	IND
ROJ	ROJ_627752689	IND
RSI	RSI_512523890	IND
RSI	RSI_512523900	IND
RSI	RSI_512523910	IND
RSI	RSI_512523920	IND
RSI	RSI_512523930	IND
RSI	RSI_512752549	IND
RSI	RSI_512752559	IND
RSI	RSI_512752569	IND
RSI	RSI_512752579	IND
RSI	RSI_512752589	IND
SAH	SAH_506333289	IND
SAH	SAH_506333299	IND
SAH	SAH_506333309	IND
SAH	SAH_506333319	IND
SAH	SAH_506333329	IND
SAH	SAH_506333339	IND
SAH	SAH_506333349	IND
SAH	SAH_506333359	IND
SAH	SAH_506333369	IND
SAH	SAH_506333379	IND
SAH	SAH_506333389	IND
SAH	SAH_506333399	IND
SAH	SAH_506752699	IND
SAH	SAH_506752709	IND
SAH	SAH_506752719	IND
SAH	SAH_506752749	IND
SAH	SAH_506752759	IND
SAL	SAL_9087	EUR
SAL	SAL_9088	EUR
SAL	SAL_9089	EUR
SAL	SAL_9091	EUR
SAL	SAL_9093	EUR
SAL	SAL_9094	EUR
SAL	SAL_9095	EUR
SAL	SAL_9096	EUR
SAL	SAL_9097	EUR
SAL	SAL_9099	EUR
SAL	SAL_9100	EUR
SAL	SAL_9101	EUR
SAL	SAL_9102	EUR
SAL	SAL_9103	EUR
SAL	SAL_9241	EUR
SAL	SAL_9245	EUR
SAL	SAL_9249	EUR
SAL	SAL_9251	EUR
SAL	SAL_9253	EUR
SAL	SAL_9255	EUR
SAL	SAL_9260	EUR
SAL	SAL_9261	EUR
SGT	SGT_000001	ADM
SGT	SGT_000002	ADM
SGT	SGT_000003	ADM
SGT	SGT_000004	ADM
SGT	SGT_000005	ADM
SGT	SGT_000006	ADM
SGT	SGT_000008	ADM
SGT	SGT_000009	ADM
SGT	SGT_000010	ADM
SGT	SGT_000012	ADM
SGT	SGT_000013	ADM
SGT	SGT_000014	ADM
SGT	SGT_000015	ADM
SGT	SGT_000016	ADM
SGT	SGT_000017	ADM
SGT	SGT_000018	ADM
SGT	SGT_000019	ADM
SGT	SGT_000020	ADM
SGT	SGT_000021	ADM
SGT	SGT_000022	ADM
SGT	SGT_000023	ADM
SGT	SGT_000024	ADM
SGT	SGT_000025	ADM
SGT	SGT_000026	ADM
SHK	SHK_000001	ADM
SHK	SHK_000002	ADM
SHK	SHK_000003	ADM
SHK	SHK_000004	ADM
SHK	SHK_000005	ADM
SHK	SHK_000006	ADM
SHK	SHK_000007	ADM
SHK	SHK_000008	ADM
SHK	SHK_000009	ADM
SHK	SHK_000010	ADM
SHK	SHK_000011	ADM
SHK	SHK_000012	ADM
SHK	SHK_000013	ADM
SHK	SHK_000014	ADM
SHK	SHK_000015	ADM
SHK	SHK_000016	ADM
SHK	SHK_000017	ADM
SHK	SHK_000018	ADM
SHK	SHK_000019	ADM
SHK	SHK_000020	ADM
SHO	SHO_124274220	EUR
SHO	SHO_124274230	EUR
SHO	SHO_124274240	EUR
SHO	SHO_124274500	EUR
SHO	SHO_124274510	EUR
SHO	SHO_124274520	EUR
SHO	SHO_124274530	EUR
SHO	SHO_124274540	EUR
SHO	SHO_124274550	EUR
SHO	SHO_124274560	EUR
SHO	SHO_124274710	EUR
SHO	SHO_124274720	EUR
SHO	SHO_124274920	EUR
SHO	SHO_124330530	EUR
SHO	SHO_124330540	EUR
SHO	SHO_124330640	EUR
SHO	SHO_124330650	EUR
SHO	SHO_124330670	EUR
SHO	SHO_124330700	EUR
SHO	SHO_124330720	EUR
SHO	SHO_124330740	EUR
SHO	SHO_124330760	EUR
SHO	SHO_124330770	EUR
SHO	SHO_124330780	EUR
SHO	SHO_124330810	EUR
SHO	SHO_124330830	EUR
SHO	SHO_124330840	EUR
SHO	SHO_124330850	EUR
SHO	SHO_124330860	EUR
SHO	SHO_124330880	EUR
SHO	SHO_124330900	EUR
SHO	SHO_124330940	EUR
SHO	SHO_124330960	EUR
SHO	SHO_124330980	EUR
SHO	SHO_124330990	EUR
SIM	SIM_SIM1	EUR
SIM	SIM_SIM4	EUR
SIM	SIM_SIM5	EUR
SIM	SIM_SIM6	EUR
SIM	SIM_SIM7	EUR
SIM	SIM_SIM8	EUR
SIM	SIM_SIM9	EUR
SIM	SIM_SIM10	EUR
SIM	SIM_SIM11	EUR
SIM	SIM_SIM13	EUR
SIM	SIM_SIM15	EUR
SIM	SIM_SIM16	EUR
SIM	SIM_SIM17	EUR
SIM	SIM_SIM18	EUR
SIM	SIM_SIM19	EUR
SIM	SIM_SIM20	EUR
SIM	SIM_SIM21	EUR
SIM	SIM_SIM22	EUR
SIM	SIM_SIM24	EUR
SIM	SIM_SIM25	EUR
SOM	SOM_9352	AFR
SOM	SOM_9353	AFR
SOM	SOM_9354	AFR
SOM	SOM_9355	AFR
SOM	SOM_9356	AFR
SOM	SOM_9357	AFR
SOM	SOM_9358	AFR
SOM	SOM_9360	AFR
SOM	SOM_9361	AFR
SOM	SOM_9362	AFR
SOM	SOM_9363	AFR
SOM	SOM_9364	AFR
SOM	SOM_9365	AFR
SOM	SOM_9366	AFR
SOM	SOM_9367	AFR
SOM	SOM_9368	AFR
SOM	SOM_9371	AFR
SOM	SOM_9372	AFR
SOM	SOM_9374	AFR
SOM	SOM_9375	AFR
SOM	SOM_9376	AFR
SOM	SOM_9377	AFR
SOM	SOM_9378	AFR
SOM	SOM_9379	AFR
SOM	SOM_9380	AFR
SOM	SOM_9381	AFR
SOM	SOM_9382	AFR
SOM	SOM_9383	AFR
SOM	SOM_9384	AFR
SOM	SOM_9386	AFR
SOM	SOM_9387	AFR
SOM	SOM_9388	AFR
SOM	SOM_9389	AFR
SOM	SOM_9390	AFR
SOM	SOM_9391	AFR
SOM	SOM_9392	AFR
SOM	SOM_9393	AFR
SOM	SOM_9394	AFR
SOM	SOM_9396	AFR
SOM	SOM_9397	AFR
SOM	SOM_9398	AFR
SOM	SOM_9399	AFR
SOM	SOM_9400	AFR
SOM	SOM_9401	AFR
THA	THA_511523820	IND
THA	THA_511523830	IND
THA	THA_511523840	IND
THA	THA_511523850	IND
THA	THA_511523860	IND
THA	THA_511523870	IND
THA	THA_511523880	IND
THA	THA_511752729	IND
THA	THA_511752739	IND
THA	THA_511752769	IND
THA	THA_511752779	IND
THA	THA_511752789	IND
TID	TID_102	ADM
TID	TID_103	ADM
TID	TID_104	ADM
TID	TID_106	ADM
TID	TID_110	ADM
TID	TID_112	ADM
TID	TID_113	ADM
TID	TID_116	ADM
TID	TID_117	ADM
TID	TID_119	ADM
TID	TID_119L	ADM
TID	TID_120	ADM
TID	TID_126B	ADM
TID	TID_128	ADM
TID	TID_130	ADM
TID	TID_131	ADM
TID	TID_132	ADM
TID	TID_135	ADM
TID	TID_139	ADM
TID	TID_140	ADM
TID	TID_141	ADM
TID	TID_145	ADM
TID	TID_146	ADM
TID	TID_147	ADM
TID	TID_151	ADM
TID	TID_152	ADM
TID	TID_154	ADM
TID	TID_155	ADM
TID	TID_157	ADM
TID	TID_159	ADM
TID	TID_162	ADM
UKG	UKG_247	EUR
UKG	UKG_248	EUR
UKG	UKG_249	EUR
UKG	UKG_250	EUR
UKG	UKG_251	EUR
UKG	UKG_252	EUR
UKG	UKG_253	EUR
UKG	UKG_254	EUR
UKG	UKG_255	EUR
UKG	UKG_256	EUR
UKG	UKG_257	EUR
UKG	UKG_258	EUR
UKG	UKG_259	EUR
UKG	UKG_260	EUR
UKG	UKG_261	EUR
UKG	UKG_262	EUR
UKG	UKG_263	EUR
UKG	UKG_264	EUR
UKG	UKG_265	EUR
UKG	UKG_266	EUR
UKG	UKG_267	EUR
UKG	UKG_268	EUR
UKG	UKG_269	EUR
UKG	UKG_270	EUR
VOS	VOS_3537	EUR
VOS	VOS_3539	EUR
VOS	VOS_3540	EUR
VOS	VOS_3542	EUR
VOS	VOS_3544	EUR
VOS	VOS_3546	EUR
VOS	VOS_3547	EUR
VOS	VOS_3549	EUR
VOS	VOS_3551	EUR
VOS	VOS_3559	EUR
VOS	VOS_3563	EUR
VOS	VOS_3638	EUR
VOS	VOS_3640	EUR
VOS	VOS_3641	EUR
VOS	VOS_3642	EUR
VOS	VOS_3643	EUR
VOS	VOS_3645	EUR
VOS	VOS_21714	EUR
VOS	VOS_21719	EUR
VOS	VOS_21720	EUR
WEL	WEL_WL2	ADM
WEL	WEL_WL6	ADM
WEL	WEL_WL7	ADM
WEL	WEL_WL8	ADM
WEL	WEL_WL10	ADM
WEL	WEL_WL11	ADM
WEL	WEL_WL13	ADM
WEL	WEL_WL14	ADM
WEL	WEL_WL15	ADM
WEL	WEL_WL16	ADM
WEL	WEL_WL18	ADM
WEL	WEL_WL19	ADM
WEL	WEL_WL25	ADM
WEL	WEL_WL33	ADM
WEL	WEL_WL34	ADM
WEL	WEL_WL35	ADM
WEL	WEL_WL36	ADM
WEL	WEL_WL37	ADM
WEL	WEL_WL40	ADM
WEL	WEL_WL42	ADM
WEL	WEL_WL44	ADM
WEL	WEL_WL46	ADM
WEL	WEL_WL48	ADM
WEL	WEL_WL50	ADM
WEL	WEL_WL51	ADM
WEL	WEL_WL53	ADM
WEL	WEL_WL55	ADM
WEL	WEL_WL57	ADM
WEL	WEL_WL58	ADM
WEL	WEL_WL59	ADM
WEL	WEL_WL61	ADM
WFC	WFC_5	EUR
WFC	WFC_9	EUR
WFC	WFC_10	EUR
WFC	WFC_12	EUR
WFC	WFC_13	EUR
WFC	WFC_14	EUR
WFC	WFC_16	EUR
WFC	WFC_17	EUR
WFC	WFC_18	EUR
WFC	WFC_19	EUR
WFC	WFC_20	EUR
WFC	WFC_22	EUR
WFC	WFC_23	EUR
WFC	WFC_24	EUR
WFC	WFC_25	EUR
WFC	WFC_131	EUR
WFC	WFC_135	EUR
WFC	WFC_136	EUR
WFC	WFC_137	EUR
WFC	WFC_138	EUR
WFC	WFC_140	EUR
WFC	WFC_141	EUR
WFC	WFC_144	EUR
WFC	WFC_150	EUR
WFC	WFC_151	EUR
WFC	WFC_152	EUR
WFC	WFC_153	EUR
WFC	WFC_154	EUR
WFC	WFC_155	EUR
WFC	WFC_156	EUR
WFC	WFC_158	EUR
WFC	WFC_188	EUR
WFC	WFC_210	EUR
WFC	WFC_211	EUR
WFC	WFC_219	EUR
WFC	WFC_226	EUR
WFC	WFC_227	EUR
WFC	WFC_228	EUR
WFC	WFC_229	EUR
WFC	WFC_230	EUR
ZAR	ZAR_9104	ADM
ZAR	ZAR_9105	ADM
ZAR	ZAR_9106	ADM
ZAR	ZAR_9107	ADM
ZAR	ZAR_9108	ADM
ZAR	ZAR_9109	ADM
ZAR	ZAR_9110	ADM
ZAR	ZAR_9111	ADM
ZAR	ZAR_9112	ADM
ZAR	ZAR_9113	ADM
ZAR	ZAR_9134	ADM
ZAR	ZAR_9135	ADM
ZAR	ZAR_9136	ADM
ZAR	ZAR_9138	ADM
ZAR	ZAR_9139	ADM
ZAR	ZAR_9140	ADM
ZAR	ZAR_9143	ADM
ZAR	ZAR_9145	ADM
ZAR	ZAR_9146	ADM
ZAR	ZAR_9147	ADM
ZAR	ZAR_9148	ADM
ZAR	ZAR_9149	ADM
ZAR	ZAR_9150	ADM
ZAR	ZAR_9151	ADM
ZAR	ZAR_9152	ADM
ZAR	ZAR_9153	ADM
ZAR	ZAR_9154	ADM
ZAR	ZAR_9155	ADM
ZAR	ZAR_9156	ADM
ZAR	ZAR_9157	ADM
ZAR	ZAR_9158	ADM
ZAR	ZAR_9159	ADM
ZAR	ZAR_9166	ADM
ZAR	ZAR_9167	ADM
ZAR	ZAR_9169	ADM
ZBO	ZBO_9114	ADM
ZBO	ZBO_9115	ADM
ZBO	ZBO_9116	ADM
ZBO	ZBO_9117	ADM
ZBO	ZBO_9119	ADM
ZBO	ZBO_9120	ADM
ZBO	ZBO_9121	ADM
ZBO	ZBO_9122	ADM
ZBO	ZBO_9123	ADM
ZBO	ZBO_9124	ADM
ZBO	ZBO_9126	ADM
ZBO	ZBO_9127	ADM
ZBO	ZBO_9128	ADM
ZBO	ZBO_9129	ADM
ZBO	ZBO_9130	ADM
ZBO	ZBO_9131	ADM
ZBO	ZBO_9132	ADM
ZBO	ZBO_9133	ADM
ZBO	ZBO_9160	ADM
ZBO	ZBO_9161	ADM
ZBO	ZBO_9162	ADM
ZBO	ZBO_9164	ADM
ZBO	ZBO_9165	ADM
ZFU	ZFU_9453	ADM
ZFU	ZFU_9454	ADM
ZFU	ZFU_9455	ADM
ZFU	ZFU_9456	ADM
ZFU	ZFU_9457	ADM
ZFU	ZFU_9458	ADM
ZFU	ZFU_9459	ADM
ZFU	ZFU_9460	ADM
ZFU	ZFU_9461	ADM
ZFU	ZFU_9462	ADM
ZFU	ZFU_9466	ADM
ZFU	ZFU_9469	ADM
ZFU	ZFU_9470	ADM
ZFU	ZFU_9471	ADM
ZFU	ZFU_9472	ADM
ZFU	ZFU_9474	ADM
ZFU	ZFU_9475	ADM
ZFU	ZFU_9476	ADM
ZFU	ZFU_9477	ADM
ZFU	ZFU_9478	ADM
ZFU	ZFU_9479	ADM
ZFU	ZFU_9480	ADM
ZFU	ZFU_9481	ADM
ZFU	ZFU_9482	ADM
ZFU	ZFU_9483	ADM
ZFU	ZFU_9484	ADM
ZFU	ZFU_9485	ADM
ZFU	ZFU_9486	ADM
ZFU	ZFU_9487	ADM
ZFU	ZFU_9488	ADM
ZFU	ZFU_9490	ADM
ZFU	ZFU_9491	ADM
ZFU	ZFU_9492	ADM
ZFU	ZFU_9493	ADM
ZFU	ZFU_9494	ADM
ZFU	ZFU_9495	ADM
ZFU	ZFU_9496	ADM
ZFU	ZFU_9497	ADM
ZFU	ZFU_9498	ADM
ZFU	ZFU_9499	ADM
ZFU	ZFU_9500	ADM
ZFU	ZFU_9501	ADM
ZFU	ZFU_9502	ADM
ZMA	ZMA_1564	ADM
ZMA	ZMA_1570	ADM
ZMA	ZMA_1572	ADM
ZMA	ZMA_1573	ADM
ZMA	ZMA_1574	ADM
ZMA	ZMA_1575	ADM
ZMA	ZMA_1576	ADM
ZMA	ZMA_1579	ADM
ZMA	ZMA_1583	ADM
ZMA	ZMA_1585	ADM
ZMA	ZMA_1595	ADM
ZMA	ZMA_1601	ADM
ZMA	ZMA_1602	ADM
ZMA	ZMA_1603	ADM
ZMA	ZMA_1606	ADM
ZMA	ZMA_1611	ADM
ZMA	ZMA_1648	ADM
ZMA	ZMA_1649	ADM
ZMA	ZMA_1650	ADM
ZMA	ZMA_1651	ADM
ZMA	ZMA_1653	ADM
ZMA	ZMA_1656	ADM
ZMA	ZMA_1657	ADM
ZMA	ZMA_1660	ADM
ZMA	ZMA_1661	ADM
ZMA	ZMA_1664	ADM
ZMA	ZMA_1665	ADM
ZMA	ZMA_1666	ADM
ZMA	ZMA_1667	ADM
ZMA	ZMA_1669	ADM
ZMA	ZMA_1670	ADM
ZMA	ZMA_1671	ADM
ZMA	ZMA_1672	ADM
ZMA	ZMA_1674	ADM
ZMA	ZMA_1678	ADM
